cristiano ronaldp,Igarassu,081992765185,mgbs@discente.ifpe.edu.br,,713.607.764-86
hhhk,kjhkjh,99999,mgbs@discente.ifpe.edu.br,,713.607.764-86
hudson hudson,Igarassu,081992765185,alissonth@gmail.com,,713.607.764-86
miguel gabriel,Igarassu,00001111,alissonth@gmail.com,esposo
,713.607.764-86

miguel gabriel,Igarassu,081992765185,gabrielogabriel10@gmail.com,713.607.764-86,irm√£o

hudson hudson,Igarassu,0819405928,hudson@gmail.com,713.607.764-86,sobrinho

luzia angelica,Igarassu,081994050928,luzia@gmail.com,132.344.87.9,mae

miguel gabriel,Igarassu,081992765185,gabrielogabriel10@gmail.com,11122233366,filho

Thierry matheus,IGARASSU,8888888,gabrielogabriel10@gmail.com,132.344.87.9,avo

Miguel Gabriel Barbosa dos Santos,IGARASSU,666,gabrielogabriel10@gmail.com,13435829460,sobrinho

